{"cameraMode":{"drawMode":0,"name":"Shaded","section":"Shading Mode"},"sceneLighting":true,"audioPlay":false,"sceneViewState":{"m_AlwaysRefresh":false,"showFog":true,"showSkybox":true,"showFlares":true,"showImageEffects":true,"showParticleSystems":true,"showVisualEffectGraphs":true,"m_FxEnabled":true},"in2DMode":false,"pivot":{"x":-4.480609893798828,"y":0.6283626556396484,"z":12.055418014526368},"rotation":{"x":-0.15515689551830293,"y":0.0805128663778305,"z":-0.012696308083832264,"w":-0.9845349192619324},"size":18.70084571838379,"orthographic":false}