{"cameraMode":{"drawMode":0,"name":"Shaded","section":"Shading Mode"},"sceneLighting":true,"audioPlay":false,"sceneViewState":{"m_AlwaysRefresh":false,"showFog":true,"showSkybox":true,"showFlares":true,"showImageEffects":true,"showParticleSystems":true,"showVisualEffectGraphs":true,"m_FxEnabled":true},"in2DMode":false,"pivot":{"x":89.90682220458985,"y":-208.20018005371095,"z":524.8815307617188},"rotation":{"x":0.1954992562532425,"y":0.07787422835826874,"z":-0.015574942342936993,"w":0.9774829149246216},"size":329.54559326171877,"orthographic":false}