{"cameraMode":{"drawMode":0,"name":"Shaded","section":"Shading Mode"},"sceneLighting":true,"audioPlay":false,"sceneViewState":{"m_AlwaysRefresh":false,"showFog":true,"showSkybox":true,"showFlares":true,"showImageEffects":true,"showParticleSystems":true,"showVisualEffectGraphs":true,"m_FxEnabled":true},"in2DMode":false,"pivot":{"x":8.748340606689454,"y":-74.20942687988281,"z":52.21193313598633},"rotation":{"x":-0.11008820682764054,"y":0.25981903076171877,"z":-0.029849519953131677,"w":-0.9589178562164307},"size":27.529136657714845,"orthographic":false}