{"cameraMode":{"drawMode":0,"name":"Shaded","section":"Shading Mode"},"sceneLighting":true,"audioPlay":false,"sceneViewState":{"m_AlwaysRefresh":false,"showFog":true,"showSkybox":true,"showFlares":true,"showImageEffects":true,"showParticleSystems":true,"showVisualEffectGraphs":true,"m_FxEnabled":true},"in2DMode":false,"pivot":{"x":13.706741333007813,"y":50.071266174316409,"z":36.919158935546878},"rotation":{"x":-0.051033567637205127,"y":0.8077629208564758,"z":-0.07070577144622803,"w":-0.5830323100090027},"size":21.817291259765626,"orthographic":false}